dir,spd,spd_cat,dir_sector
340,3,2-4,NNW
320,1,0-2,NW
340,1,0-2,NNW
290,1,0-2,W
50,1,0-2,NE
320,1,0-2,NW
320,1,0-2,NW
340,1,0-2,NNW
340,1,0-2,NNW
340,1,0-2,NNW
320,1,0-2,NW
50,1,0-2,NE
20,1,0-2,N
340,1,0-2,NNW
340,1,0-2,NNW
320,1,0-2,NW
340,1,0-2,NNW
340,2,2-4,NNW
0,3,2-4,N
320,1,0-2,NW
320,2,2-4,NW
320,1,0-2,NW
0,1,0-2,N
20,1,0-2,N
0,2,2-4,N
20,1,0-2,N
340,2,2-4,NNW
140,1,0-2,SE
50,1,0-2,NE
140,1,0-2,SE
0,1,0-2,N
290,1,0-2,W
320,1,0-2,NW
340,1,0-2,NNW
320,1,0-2,NW
290,1,0-2,W
290,3,2-4,W
320,3,2-4,NW
290,1,0-2,W
290,1,0-2,W
320,3,2-4,NW
290,4,4-6,W
290,1,0-2,W
290,1,0-2,W
290,1,0-2,W
250,2,2-4,WSW
320,3,2-4,NW
320,1,0-2,NW
320,5,4-6,NW
290,4,4-6,W
250,1,0-2,WSW
320,4,4-6,NW
180,1,0-2,S
340,1,0-2,NNW
320,2,2-4,NW
320,1,0-2,NW
340,1,0-2,NNW
320,4,4-6,NW
320,1,0-2,NW
70,2,2-4,ENE
0,2,2-4,N
340,1,0-2,NNW
320,2,2-4,NW
20,1,0-2,N
20,2,2-4,N
70,1,0-2,ENE
20,2,2-4,N
290,1,0-2,W
50,2,2-4,NE
50,1,0-2,NE
20,1,0-2,N
320,1,0-2,NW
340,2,2-4,NNW
320,3,2-4,NW
320,4,4-6,NW
20,1,0-2,N
320,1,0-2,NW
340,1,0-2,NNW
50,1,0-2,NE
20,1,0-2,N
20,3,2-4,N
20,3,2-4,N
340,2,2-4,NNW
290,1,0-2,W
340,2,2-4,NNW
340,1,0-2,NNW
20,2,2-4,N
50,1,0-2,NE
50,2,2-4,NE
50,2,2-4,NE
20,2,2-4,N
20,3,2-4,N
50,2,2-4,NE
340,2,2-4,NNW
290,2,2-4,W
340,2,2-4,NNW
20,3,2-4,N
50,3,2-4,NE
50,4,4-6,NE
50,3,2-4,NE
50,3,2-4,NE
0,1,0-2,N
340,3,2-4,NNW
340,3,2-4,NNW
340,2,2-4,NNW
340,3,2-4,NNW
20,5,4-6,N
320,1,0-2,NW
320,2,2-4,NW
340,1,0-2,NNW
340,1,0-2,NNW
340,2,2-4,NNW
340,1,0-2,NNW
340,2,2-4,NNW
320,1,0-2,NW
320,1,0-2,NW
340,1,0-2,NNW
340,1,0-2,NNW
340,1,0-2,NNW
0,1,0-2,N
50,1,0-2,NE
20,2,2-4,N
20,1,0-2,N
320,1,0-2,NW
50,2,2-4,NE
50,3,2-4,NE
320,1,0-2,NW
20,5,4-6,N
320,1,0-2,NW
340,1,0-2,NNW
320,1,0-2,NW
0,1,0-2,N
50,3,2-4,NE
20,3,2-4,N
20,3,2-4,N
0,1,0-2,N
20,1,0-2,N
340,1,0-2,NNW
340,1,0-2,NNW
20,1,0-2,N
140,1,0-2,SE
340,1,0-2,NNW
340,1,0-2,NNW
340,1,0-2,NNW
290,1,0-2,W
320,1,0-2,NW
270,1,0-2,W
290,1,0-2,W
320,2,2-4,NW
320,3,2-4,NW
290,1,0-2,W
290,1,0-2,W
290,4,4-6,W
320,1,0-2,NW
320,1,0-2,NW
320,4,4-6,NW
320,2,2-4,NW
290,2,2-4,W
320,1,0-2,NW
290,3,2-4,W
290,4,4-6,W
250,1,0-2,WSW
320,4,4-6,NW
290,4,4-6,W
290,2,2-4,W
320,3,2-4,NW
320,3,2-4,NW
320,6,6-8,NW
290,5,4-6,W
270,1,0-2,W
320,1,0-2,NW
50,1,0-2,NE
320,2,2-4,NW
340,1,0-2,NNW
0,1,0-2,N
320,3,2-4,NW
340,1,0-2,NNW
320,4,4-6,NW
0,1,0-2,N
320,2,2-4,NW
270,1,0-2,W
340,1,0-2,NNW
320,1,0-2,NW
110,1,0-2,E
340,1,0-2,NNW
20,1,0-2,N
340,1,0-2,NNW
340,1,0-2,NNW
20,1,0-2,N
50,2,2-4,NE
340,1,0-2,NNW
20,1,0-2,N
70,3,2-4,ENE
50,1,0-2,NE
20,1,0-2,N
20,1,0-2,N
340,2,2-4,NNW
340,1,0-2,NNW
340,2,2-4,NNW
290,5,4-6,W
290,2,2-4,W
320,2,2-4,NW
50,2,2-4,NE
70,2,2-4,ENE
70,3,2-4,ENE
20,3,2-4,N
20,4,4-6,N
340,3,2-4,NNW
340,2,2-4,NNW
340,2,2-4,NNW
340,1,0-2,NNW
20,1,0-2,N
340,1,0-2,NNW
70,2,2-4,ENE
50,1,0-2,NE
340,1,0-2,NNW
50,1,0-2,NE
50,3,2-4,NE
70,2,2-4,ENE
340,2,2-4,NNW
340,1,0-2,NNW
340,2,2-4,NNW
20,2,2-4,N
50,2,2-4,NE
50,2,2-4,NE
50,3,2-4,NE
50,3,2-4,NE
0,2,2-4,N
20,2,2-4,N
340,2,2-4,NNW
340,4,4-6,NNW
340,2,2-4,NNW
340,4,4-6,NNW
20,7,6-8,N
340,1,0-2,NNW
340,1,0-2,NNW
340,1,0-2,NNW
340,1,0-2,NNW
0,1,0-2,N
0,1,0-2,N
340,2,2-4,NNW
340,1,0-2,NNW
340,1,0-2,NNW
340,1,0-2,NNW
20,1,0-2,N
20,3,2-4,N
20,3,2-4,N
50,3,2-4,NE
20,2,2-4,N
20,2,2-4,N
20,1,0-2,N
50,1,0-2,NE
20,2,2-4,N
20,3,2-4,N
0,2,2-4,N
50,1,0-2,NE
110,1,0-2,E
90,3,2-4,E
50,4,4-6,NE
20,3,2-4,N
20,2,2-4,N
70,1,0-2,ENE
140,2,2-4,SE
140,2,2-4,SE
140,1,0-2,SE
140,1,0-2,SE
140,1,0-2,SE
140,1,0-2,SE
70,1,0-2,ENE
140,1,0-2,SE
140,1,0-2,SE
160,1,0-2,SSE
90,2,2-4,E
20,2,2-4,N
70,3,2-4,ENE
20,3,2-4,N
20,1,0-2,N
140,1,0-2,SE
160,2,2-4,SSE
160,2,2-4,SSE
160,1,0-2,SSE
160,1,0-2,SSE
320,1,0-2,NW
20,3,2-4,N
20,3,2-4,N
20,1,0-2,N
160,1,0-2,SSE
140,1,0-2,SE
160,1,0-2,SSE
140,1,0-2,SE
140,1,0-2,SE
20,3,2-4,N
20,3,2-4,N
320,1,0-2,NW
20,3,2-4,N
20,3,2-4,N
20,1,0-2,N
110,1,0-2,E
140,1,0-2,SE
110,1,0-2,E
20,3,2-4,N
20,1,0-2,N
110,1,0-2,E
70,1,0-2,ENE
20,3,2-4,N
20,3,2-4,N
70,1,0-2,ENE
110,1,0-2,E
140,1,0-2,SE
110,1,0-2,E
20,1,0-2,N
110,1,0-2,E
140,1,0-2,SE
140,1,0-2,SE
110,1,0-2,E
20,3,2-4,N
20,2,2-4,N
20,1,0-2,N
110,1,0-2,E
140,1,0-2,SE
140,1,0-2,SE
140,1,0-2,SE
140,1,0-2,SE
20,3,2-4,N
50,3,2-4,NE
70,1,0-2,ENE
50,2,2-4,NE
140,1,0-2,SE
140,1,0-2,SE
140,1,0-2,SE
140,1,0-2,SE
110,1,0-2,E
140,1,0-2,SE
140,1,0-2,SE
160,2,2-4,SSE
160,1,0-2,SSE
160,1,0-2,SSE
140,1,0-2,SE
140,1,0-2,SE
140,1,0-2,SE
110,1,0-2,E
160,1,0-2,SSE
140,1,0-2,SE
140,1,0-2,SE
140,1,0-2,SE
140,2,2-4,SE
110,1,0-2,E
110,1,0-2,E
110,1,0-2,E
110,1,0-2,E
160,1,0-2,SSE
140,1,0-2,SE
160,1,0-2,SSE
140,1,0-2,SE
110,1,0-2,E
140,1,0-2,SE
160,1,0-2,SSE
230,2,2-4,SW
320,2,2-4,NW
290,2,2-4,W
110,1,0-2,E
250,1,0-2,WSW
290,2,2-4,W
290,4,4-6,W
270,3,2-4,W
270,2,2-4,W
270,1,0-2,W
140,1,0-2,SE
140,1,0-2,SE
140,1,0-2,SE
160,1,0-2,SSE
140,1,0-2,SE
160,1,0-2,SSE
140,1,0-2,SE
270,5,4-6,W
290,3,2-4,W
290,3,2-4,W
320,3,2-4,NW
320,3,2-4,NW
290,3,2-4,W
290,3,2-4,W
140,2,2-4,SE
160,1,0-2,SSE
110,1,0-2,E
160,1,0-2,SSE
140,1,0-2,SE
160,1,0-2,SSE
270,1,0-2,W
290,2,2-4,W
110,1,0-2,E
140,1,0-2,SE
160,2,2-4,SSE
140,2,2-4,SE
160,1,0-2,SSE
110,1,0-2,E
140,1,0-2,SE
110,1,0-2,E
140,1,0-2,SE
320,3,2-4,NW
290,3,2-4,W
290,3,2-4,W
290,3,2-4,W
290,3,2-4,W
290,3,2-4,W
270,2,2-4,W
290,3,2-4,W
290,3,2-4,W
290,5,4-6,W
290,4,4-6,W
290,4,4-6,W
270,3,2-4,W
270,2,2-4,W
290,4,4-6,W
290,6,6-8,W
290,3,2-4,W
290,4,4-6,W
290,3,2-4,W
270,2,2-4,W
290,3,2-4,W
290,2,2-4,W
270,2,2-4,W
290,2,2-4,W
290,2,2-4,W
290,2,2-4,W
290,1,0-2,W
290,2,2-4,W
140,1,0-2,SE
160,1,0-2,SSE
160,1,0-2,SSE
140,1,0-2,SE
160,1,0-2,SSE
140,1,0-2,SE
140,2,2-4,SE
70,2,2-4,ENE
270,1,0-2,W
140,2,2-4,SE
230,1,0-2,SW
320,1,0-2,NW
50,2,2-4,NE
20,1,0-2,N
50,2,2-4,NE
320,3,2-4,NW
160,1,0-2,SSE
0,1,0-2,N
0,3,2-4,N
320,2,2-4,NW
230,1,0-2,SW
20,2,2-4,N
110,1,0-2,E
160,1,0-2,SSE
270,2,2-4,W
110,1,0-2,E
110,1,0-2,E
250,1,0-2,WSW
200,1,0-2,S
140,1,0-2,SE
90,2,2-4,E
50,3,2-4,NE
20,2,2-4,N
70,1,0-2,ENE
110,1,0-2,E
20,3,2-4,N
20,3,2-4,N
320,1,0-2,NW
320,1,0-2,NW
20,2,2-4,N
340,1,0-2,NNW
20,3,2-4,N
340,1,0-2,NNW
20,2,2-4,N
20,2,2-4,N
20,3,2-4,N
20,3,2-4,N
20,3,2-4,N
70,2,2-4,ENE
70,3,2-4,ENE
320,2,2-4,NW
50,1,0-2,NE
20,2,2-4,N
340,1,0-2,NNW
0,3,2-4,N
320,3,2-4,NW
320,5,4-6,NW
160,1,0-2,SSE
140,1,0-2,SE
90,1,0-2,E
50,1,0-2,NE
20,2,2-4,N
20,2,2-4,N
20,1,0-2,N
90,1,0-2,E
20,2,2-4,N
110,1,0-2,E
20,1,0-2,N
20,1,0-2,N
50,1,0-2,NE
20,2,2-4,N
70,4,4-6,ENE
70,3,2-4,ENE
20,3,2-4,N
20,4,4-6,N
0,4,4-6,N
340,2,2-4,NNW
340,3,2-4,NNW
340,2,2-4,NNW
50,1,0-2,NE
50,1,0-2,NE
20,1,0-2,N
20,3,2-4,N
290,2,2-4,W
20,1,0-2,N
50,1,0-2,NE
50,2,2-4,NE
50,2,2-4,NE
20,1,0-2,N
50,2,2-4,NE
50,2,2-4,NE
50,2,2-4,NE
20,2,2-4,N
50,3,2-4,NE
50,4,4-6,NE
20,3,2-4,N
50,3,2-4,NE
50,4,4-6,NE
340,2,2-4,NNW
50,3,2-4,NE
20,5,4-6,N
340,3,2-4,NNW
340,2,2-4,NNW
0,3,2-4,N
340,4,4-6,NNW
340,1,0-2,NNW
0,2,2-4,N
20,2,2-4,N
20,3,2-4,N
340,1,0-2,NNW
340,1,0-2,NNW
340,1,0-2,NNW
0,1,0-2,N
20,1,0-2,N
50,1,0-2,NE
50,1,0-2,NE
20,2,2-4,N
340,1,0-2,NNW
340,1,0-2,NNW
20,1,0-2,N
20,1,0-2,N
20,1,0-2,N
140,1,0-2,SE
140,1,0-2,SE
140,1,0-2,SE
140,1,0-2,SE
160,1,0-2,SSE
160,1,0-2,SSE
70,1,0-2,ENE
20,2,2-4,N
20,3,2-4,N
20,3,2-4,N
180,1,0-2,S
180,1,0-2,S
160,3,2-4,SSE
20,1,0-2,N
50,2,2-4,NE
20,2,2-4,N
160,1,0-2,SSE
160,3,2-4,SSE
160,2,2-4,SSE
140,2,2-4,SE
20,3,2-4,N
20,1,0-2,N
50,2,2-4,NE
0,5,4-6,N
320,2,2-4,NW
320,1,0-2,NW
340,1,0-2,NNW
20,2,2-4,N
160,1,0-2,SSE
140,2,2-4,SE
140,4,4-6,SE
140,2,2-4,SE
20,2,2-4,N
20,1,0-2,N
340,1,0-2,NNW
20,2,2-4,N
20,1,0-2,N
160,1,0-2,SSE
50,1,0-2,NE
160,1,0-2,SSE
20,1,0-2,N
340,1,0-2,NNW
20,2,2-4,N
160,1,0-2,SSE
140,1,0-2,SE
140,1,0-2,SE
140,1,0-2,SE
140,1,0-2,SE
20,3,2-4,N
20,1,0-2,N
50,1,0-2,NE
160,1,0-2,SSE
140,1,0-2,SE
110,1,0-2,E
140,1,0-2,SE
180,1,0-2,S
180,1,0-2,S
160,1,0-2,SSE
140,1,0-2,SE
180,1,0-2,S
140,2,2-4,SE
160,1,0-2,SSE
160,1,0-2,SSE
140,1,0-2,SE
110,1,0-2,E
160,1,0-2,SSE
160,1,0-2,SSE
110,3,2-4,E
140,2,2-4,SE
140,1,0-2,SE
140,1,0-2,SE
140,1,0-2,SE
140,3,2-4,SE
320,2,2-4,NW
110,1,0-2,E
140,1,0-2,SE
160,1,0-2,SSE
160,1,0-2,SSE
160,1,0-2,SSE
180,1,0-2,S
140,1,0-2,SE
140,1,0-2,SE
140,2,2-4,SE
320,3,2-4,NW
140,1,0-2,SE
140,1,0-2,SE
160,2,2-4,SSE
160,1,0-2,SSE
160,1,0-2,SSE
160,1,0-2,SSE
270,1,0-2,W
290,2,2-4,W
340,1,0-2,NNW
320,1,0-2,NW
160,1,0-2,SSE
110,1,0-2,E
160,1,0-2,SSE
160,1,0-2,SSE
320,1,0-2,NW
140,1,0-2,SE
160,1,0-2,SSE
140,1,0-2,SE
290,1,0-2,W
270,1,0-2,W
290,3,2-4,W
320,1,0-2,NW
320,2,2-4,NW
200,2,2-4,S
290,1,0-2,W
340,1,0-2,NNW
270,1,0-2,W
270,1,0-2,W
290,3,2-4,W
290,1,0-2,W
320,1,0-2,NW
320,1,0-2,NW
160,1,0-2,SSE
180,1,0-2,S
180,1,0-2,S
160,1,0-2,SSE
160,1,0-2,SSE
320,2,2-4,NW
160,1,0-2,SSE
230,1,0-2,SW
340,1,0-2,NNW
320,5,4-6,NW
340,2,2-4,NNW
20,1,0-2,N
180,1,0-2,S
140,1,0-2,SE
160,1,0-2,SSE
200,2,2-4,S
160,1,0-2,SSE
50,1,0-2,NE
20,1,0-2,N
70,1,0-2,ENE
340,1,0-2,NNW
140,1,0-2,SE
20,2,2-4,N
320,1,0-2,NW
20,1,0-2,N
20,2,2-4,N
320,2,2-4,NW
70,2,2-4,ENE
50,1,0-2,NE
20,2,2-4,N
70,2,2-4,ENE
50,1,0-2,NE
20,2,2-4,N
340,1,0-2,NNW
340,2,2-4,NNW
320,4,4-6,NW
320,5,4-6,NW
70,1,0-2,ENE
20,2,2-4,N
20,1,0-2,N
20,2,2-4,N
340,1,0-2,NNW
50,3,2-4,NE
20,2,2-4,N
50,4,4-6,NE
0,2,2-4,N
320,2,2-4,NW
340,2,2-4,NNW
320,2,2-4,NW
20,2,2-4,N
50,2,2-4,NE
0,1,0-2,N
0,1,0-2,N
20,1,0-2,N
20,1,0-2,N
50,1,0-2,NE
50,3,2-4,NE
50,3,2-4,NE
340,2,2-4,NNW
0,3,2-4,N
20,4,4-6,N
50,4,4-6,NE
70,3,2-4,ENE
50,3,2-4,NE
340,1,0-2,NNW
50,4,4-6,NE
340,3,2-4,NNW
340,2,2-4,NNW
340,2,2-4,NNW
340,4,4-6,NNW
340,1,0-2,NNW
0,2,2-4,N
20,1,0-2,N
0,1,0-2,N
340,2,2-4,NNW
340,1,0-2,NNW
